{
    "dining_room_table": [
        0.0034,
        -0.0037,
        0.0107,
        0.0,
        0.0,
        0.0,
        1.0
    ],
    "f10_apple_iphone_4": [
        0.22492516823266503,
        0.25469588665518256,
        0.7955505740547532,
        0.004040426214166481,
        0.022720802074913636,
        -0.008961405960764142,
        0.9996935196910536
    ],
    "coffee_0023": [
        0.1934139070399634,
        0.002173191618525694,
        0.6341107358685348,
        0.04502222400559761,
        -0.033174487536805436,
        -0.023622268601730497,
        0.9981555195200635
    ],
    "soap_dispenser_01": [
        -0.16529661043465588,
        -0.04823874887202264,
        0.828847271607054,
        -0.003441986497456559,
        0.03440538240504324,
        -0.033069788698353246,
        0.9988547499341235
    ]
}