{
    "f10_apple_iphone_4": {
        "position" : [
        0.22492516823266503,
        0.25469588665518256,
        0.7955505740547532,
        0.004040426214166481,
        0.022720802074913636,
        -0.008961405960764142,
        0.9996935196910536
    ],
        "pos_std" : 0.1,
        "rot_std" : 0.1,
        "x_max" : 0.5,
        "x_min" : -0.5,
        "y_max" : 0.5,
        "y_min" : -0.5
    }
}