{
    "f10_apple_iphone_4": {
        "position": [
            0.06457353617945116,
            -0.240306748114002,
            0.7351430058479309,
            0.0,
            0.0,
            0.0,
            1.0
        ],
        "pos_std": 0.1,
        "rot_std": 0.1,
        "x_max": 0.5461000204086304,
        "x_min": -0.5461000204086304,
        "y_max": 0.5461000204086304,
        "y_min": -0.5461000204086304
    },
    "coffee_0023": {
        "position": [
            0.0438980832695961,
            -0.32061567902565,
            0.7350649237632751,
            2.708329986944591e-07,
            -1.012552729662275e-06,
            0.9920740127563477,
            0.1256546974182129
        ],
        "pos_std": 0.1,
        "rot_std": 0.1,
        "x_max": 0.5461000204086304,
        "x_min": -0.5461000204086304,
        "y_max": 0.5461000204086304,
        "y_min": -0.5461000204086304
    },
    "aaa_battery": {
        "position": [
            0.011682040058076382,
            0.08440574258565903,
            0.7351629734039307,
            -1.4112303006186266e-06,
            -1.8486772432879661e-06,
            0.9642743468284607,
            0.2649058997631073
        ],
        "pos_std": 0.1,
        "rot_std": 0.1,
        "x_max": 0.5461000204086304,
        "x_min": -0.5461000204086304,
        "y_max": 0.5461000204086304,
        "y_min": -0.5461000204086304
    },
    "b03_loafbread": {
        "position": [
            0.1883002519607544,
            0.38542303442955017,
            0.7348545789718628,
            -0.0012706889538094401,
            -0.0014566468307748437,
            0.3532752990722656,
            0.9355174899101257
        ],
        "pos_std": 0.1,
        "rot_std": 0.1,
        "x_max": 0.5461000204086304,
        "x_min": -0.5461000204086304,
        "y_max": 0.5461000204086304,
        "y_min": -0.5461000204086304
    },
    "b03_cocacola_can_cage": {
        "position": [
            0.3813472390174866,
            0.41748321056365967,
            0.7351629734039307,
            7.753060344839469e-07,
            7.226208253996447e-07,
            0.04618007689714432,
            0.9989331364631653
        ],
        "pos_std": 0.1,
        "rot_std": 0.1,
        "x_max": 0.5461000204086304,
        "x_min": -0.5461000204086304,
        "y_max": 0.5461000204086304,
        "y_min": -0.5461000204086304
    },
    "b04_wineglass": {
        "position": [
            -0.31335151195526123,
            0.42170125246047974,
            0.7351632714271545,
            -4.3724971874326e-06,
            1.9359436009835918e-06,
            -0.3389497697353363,
            0.9408045411109924
        ],
        "pos_std": 0.1,
        "rot_std": 0.1,
        "x_max": 0.5461000204086304,
        "x_min": -0.5461000204086304,
        "y_max": 0.5461000204086304,
        "y_min": -0.5461000204086304
    }
}